# HAND-MAINTAINED. A record of human decisions, not generated data — nothing
# writes to this file automatically.
#
# validate_data.py reports pairs of registry rows whose names are near-identical,
# because that is how one thing becomes two rows. Similarity cannot tell a typo
# from two genuinely different places: Silvarium and The Solarium are both in
# Solana and score highly, and they are not the same place.
#
# A row here asserts "these are two different entities and both rows should
# exist", and stops that pair being reported. There is no row for the opposite
# verdict — if the two are the same thing you merge them, and the pair no longer
# exists to report.
#
# Delete a row if either id is merged away or renamed; validate_data.py reports
# entries naming an id that no longer exists, because a stale entry silently
# suppresses a real warning about the surviving row.
IdA|IdB|Note
LO538cd7834c|LO4fc8febf5c|Blockhead Territory and Torched Territory are two of the named Pits territories, not one row twice.
LOe1d5c5e23e|LO38a4c2e0c5|Ashvahan and Deshvahan are separate cities in Volcor; each has its own world-lore heading.
LO295eda0474|LOb6bc8cad7e|East Rise and West Rise are opposite sides, not a spelling variant.
LC54a776de1a|LC4e2330f32a|Aelius and Aurelius are different characters.
LC7b61898fd2|LC36b6e27e3f|Cromai and Dromai are two different dragons. Cromai is one of The Twelve Dragons and is named only on flavour/uprising.md; Dromai is the playable hero.
LC2651228672|LC0a68d90ca3|Darius and Daxius are different characters.
LC3c8d14cbde|LC34621cde67|Freya and Reznyr Eldingsturm are different characters sharing a family name.
LC4297c6b894|LC2dff6260a6|Grand Magister is a position held by different people at different times, each with their own title.
LC4297c6b894|LCb1c9d31e49|Grand Magister is a position held by different people at different times, each with their own title.
LC2dff6260a6|LC91740cb310|Grand Magister is a position held by different people at different times, each with their own title.
LC2dff6260a6|LCb1c9d31e49|Grand Magister is a position held by different people at different times, each with their own title.
LC4726dd1d21|LC91740cb310|Grand Magister is a position held by different people at different times, each with their own title.
LC91740cb310|LCb1c9d31e49|Grand Magister is a position held by different people at different times, each with their own title.
LC04251c7f5f|LC9107eddb94|Shio and Shiro are different characters.
LCded19293f8|LCa711b0f57f|Sani is Dromai's Sandfolk mother in Volcor (dragons-of-empire.md); Sanni is quoted on flavour/monarch.md in Solana. Different characters.
LCd3e64e865a|LCba73fb74c1|Lord Wizard is a rank many hold at once, so the shared prefix is the whole similarity. Akihiko is Kano's mentor and dies in smoke-and-mirrors.md; Chiyo heads the Alshoni faction and is cousin to the Emperor. Different characters.
LCcf96679dec|LCb63e06ebf2|General Koda and General Ekoda are different characters. Koda held the bridge at Sworyuk Gorge and died of his wounds (weapons/merciless-battleaxe.md); reviewed 2026-09-26, confirmed distinct.
LC10f9dea89d|LC88a5c49d8c|Blave and Blaze are different characters. Blave is a dead traitor on main-story/outsiders/the-spiders-trap.md:100; Blaze is the playable hero of heroes-of-rathe/blaze-about.md. Reviewed 2026-09-26, confirmed distinct.
LC5ef874658d|LC29065c483d|Carva and Corva are different characters. Carva is Blave's sibling, killed by Uzuri on main-story/outsiders/the-spiders-trap.md:78; Corva is the Biomancer named on world-of-rathe/demonastery.md:71. Reviewed 2026-09-26, confirmed distinct.
LCec7ed74e1c|LCeaad29b236|Lady Barthimont and Lord Barthimont are different characters — a married couple, both named on other-characters/lady-barthimont.md. Reviewed 2026-09-26, confirmed distinct.
LCe1f6469a96|LCf7d2caa234|Orien and Soren are different characters. Orien is Jarl Vetreiði's travelling companion on main-story/mastery-pack-guardian/trouble-in-larinkmorth.md:159; Soren is named on flavour/part-the-mistveil.md. Reviewed 2026-09-26, confirmed distinct.
